policy_id,policy_state,vehicle_count,driver_count,prior_claim_count,coverage_limit_bi,coverage_limit_pd,premium_amount,nonstandard_risk_tier
POL100000,GA,1.0,2,2,25000,5000,1821.14,tier_4
POL100001,FL,3.0,4,2,50000,25000,2229.84,tier_2
POL100002,FL,3.0,4,2,25000,25000,2652.88,tier_4
POL100003,CA,3.0,3,2,15000,50000,2244.98,tier_3
POL100004,FL,4.0,5,0,50000,50000,1889.15,tier_1
POL100005,CA,2.0,3,0,15000,50000,1770.73,tier_4
POL100006,CA,2.0,4,1,25000,5000,1860.75,tier_3
POL100007,GA,2.0,3,2,100000,25000,2238.26,tier_4
POL100008,TX,2.0,2,0,25000,25000,1082.45,tier_1
POL100009,FL,2.0,4,2,50000,25000,2131.65,tier_3
POL100010,TX,1.0,1,0,25000,5000,915.19,tier_2
POL100011,TX,2.0,2,1,50000,5000,1771.48,tier_4
POL100012,TX,1.0,3,1,50000,50000,1647.11,tier_3
POL100013,TX,1.0,3,2,50000,5000,2114.32,tier_4
POL100014,FL,2.0,4,0,15000,10000,1496.64,tier_2
POL100015,GA,1.0,2,1,50000,10000,1371.99,tier_2
POL100016,TX,1.0,3,0,15000,5000,1288.79,tier_3
POL100017,GA,3.0,3,0,100000,5000,1330.06,tier_1
POL100018,NV,3.0,5,1,15000,50000,2609.94,tier_4
POL100019,FL,1.0,2,2,15000,25000,1663.64,tier_3
POL100020,TX,1.0,1,1,50000,50000,1270.27,tier_3
POL100021,CA,1.0,2,1,15000,10000,1178.89,tier_2
POL100022,AZ,3.0,4,1,25000,5000,2312.04,tier_4
POL100023,FL,3.0,3,1,50000,10000,2263.82,tier_4
POL100024,TX,1.0,2,0,15000,10000,1382.99,tier_4
POL100025,AZ,2.0,3,0,15000,5000,1360.83,tier_2
POL100026,TX,1.0,1,2,25000,25000,1631.96,tier_3
POL100027,AZ,1.0,1,2,15000,50000,1377.47,tier_1
POL100028,TX,4.0,5,1,15000,10000,2064.29,tier_1
POL100029,GA,1.0,2,3,15000,10000,2049.51,tier_3
POL100030,TX,1.0,2,1,25000,10000,1493.18,tier_3
POL100031,CA,1.0,2,5,25000,5000,2946.74,tier_4
POL100032,NV,2.0,3,2,15000,10000,1947.57,tier_2
POL100033,CA,3.0,4,1,25000,10000,1970.85,tier_2
POL100034,GA,4.0,5,2,25000,10000,2838.04,tier_3
POL100035,NV,1.0,3,0,15000,10000,1142.81,tier_2
POL100036,TX,1.0,3,0,25000,25000,1046.24,tier_1
POL100037,CA,3.0,3,0,50000,5000,1729.28,tier_3
POL100038,GA,1.0,3,1,25000,5000,1433.56,tier_2
POL100039,FL,3.0,5,0,25000,5000,1996.77,tier_3
POL100040,GA,2.0,2,2,25000,5000,1642.76,tier_2
POL100041,CA,1.0,3,3,15000,10000,2194.11,tier_4
POL100042,GA,3.0,4,4,50000,25000,3062.46,tier_3
POL100043,FL,1.0,3,0,100000,50000,1141.51,tier_2
POL100044,NV,1.0,2,4,100000,10000,2550.32,tier_4
POL100045,TX,2.0,4,1,15000,10000,2359.51,tier_4
POL100046,CA,2.0,2,0,25000,5000,1243.52,tier_2
POL100047,GA,2.0,2,0,15000,10000,1340.77,tier_2
POL100048,GA,2.0,4,1,25000,10000,1838.45,tier_3
POL100049,TX,4.0,5,0,25000,25000,2004.03,tier_1
POL100050,GA,4.0,5,0,25000,10000,2082.15,tier_2
POL100051,CA,2.0,2,1,15000,5000,1319.28,tier_1
POL100052,CA,1.0,1,0,100000,10000,1301.03,tier_4
POL100053,CA,2.0,4,0,15000,5000,1592.67,tier_3
POL100054,TX,4.0,4,1,15000,50000,2351.47,tier_3
POL100055,CA,1.0,2,3,50000,5000,2344.56,tier_4
POL100056,TX,2.0,2,1,50000,5000,1485.3,tier_3
POL100057,CA,1.0,1,4,25000,5000,2081.64,tier_3
POL100058,NV,1.0,1,1,25000,25000,1056.98,tier_1
POL100059,AZ,2.0,4,0,15000,10000,1506.88,tier_1
POL100060,NV,1.0,3,1,15000,10000,1443.45,tier_3
POL100061,CA,3.0,3,3,25000,10000,2650.82,tier_3
POL100062,AZ,3.0,4,0,25000,5000,1860.44,tier_3
POL100063,TX,3.0,4,1,25000,25000,2122.0,tier_3
POL100064,NV,1.0,2,2,15000,5000,1576.13,tier_3
POL100065,FL,1.0,3,0,50000,5000,1233.53,tier_3
POL100066,TX,2.0,2,0,50000,10000,1426.3,tier_3
POL100067,CA,3.0,3,1,15000,5000,1664.2,tier_2
POL100068,AZ,2.0,3,0,15000,5000,1283.67,tier_1
POL100069,GA,3.0,4,1,25000,25000,1833.65,tier_2
POL100070,NV,1.0,1,0,50000,10000,794.64,tier_2
POL100071,GA,3.0,5,0,50000,5000,1755.89,tier_2
POL100072,GA,1.0,1,4,50000,10000,2367.72,tier_4
POL100073,CA,1.0,1,0,25000,25000,874.17,tier_2
POL100074,NV,2.0,3,1,15000,5000,1423.16,tier_1
POL100075,TX,1.0,2,0,25000,5000,1088.18,tier_2
POL100076,FL,1.0,1,1,15000,10000,1210.26,tier_2
POL100077,CA,1.0,1,0,50000,10000,999.64,tier_3
POL100078,GA,2.0,2,1,15000,50000,1555.24,tier_3
POL100079,NV,2.0,3,3,25000,10000,2649.17,tier_4
POL100080,TX,1.0,2,2,25000,5000,1720.01,tier_3
POL100081,TX,2.0,2,0,25000,10000,1093.84,tier_2
POL100082,TX,3.0,4,0,25000,10000,2118.5,tier_4
POL100083,NV,1.0,3,0,25000,5000,1099.12,tier_2
POL100084,GA,1.0,1,0,100000,10000,794.59,tier_1
POL100085,TX,3.0,5,0,50000,5000,1564.56,tier_1
POL100086,FL,3.0,3,1,50000,25000,2070.1,tier_3
POL100087,FL,2.0,2,0,25000,25000,1255.56,tier_3
POL100088,TX,3.0,3,0,25000,10000,1403.97,tier_2
POL100089,FL,1.0,1,1,25000,50000,1249.62,tier_3
POL100090,CA,1.0,1,0,25000,50000,797.32,tier_1
POL100091,CA,2.0,3,0,25000,5000,1418.36,tier_3
POL100092,TX,1.0,2,0,25000,10000,977.43,tier_2
POL100093,GA,2.0,4,1,15000,10000,1666.91,tier_2
POL100094,TX,2.0,3,0,15000,5000,1315.82,tier_2
POL100095,TX,2.0,3,0,50000,10000,1554.91,tier_3
POL100096,NV,2.0,3,2,15000,10000,1734.02,tier_2
POL100097,GA,1.0,1,1,25000,50000,1137.37,tier_1
POL100098,FL,1.0,3,1,25000,10000,1290.75,tier_1
POL100099,CA,1.0,1,2,15000,25000,1690.9,tier_4
POL100100,NV,2.0,4,1,100000,10000,2243.63,tier_4
POL100101,TX,1.0,3,2,15000,5000,1840.54,tier_3
POL100102,NV,1.0,3,1,100000,25000,1484.0,tier_2
POL100103,TX,1.0,2,3,50000,5000,2170.77,tier_4
POL100104,CA,1.0,1,2,15000,5000,1824.72,tier_4
POL100105,TX,3.0,5,0,15000,10000,2061.56,tier_3
POL100106,NV,1.0,1,0,25000,25000,1024.53,tier_2
POL100107,TX,4.0,5,1,25000,10000,2319.98,tier_2
POL100108,CA,1.0,3,2,15000,5000,1465.49,tier_1
POL100109,FL,2.0,4,0,100000,10000,1923.51,tier_4
POL100110,NV,2.0,4,1,15000,5000,1987.06,tier_3
POL100111,CA,1.0,1,1,50000,5000,1102.91,tier_2
POL100112,NV,3.0,5,1,15000,10000,2164.08,tier_2
POL100113,NV,4.0,4,2,100000,5000,2634.67,tier_3
POL100114,TX,3.0,4,2,15000,10000,2076.02,tier_2
POL100115,GA,1.0,3,1,25000,10000,1775.63,tier_4
POL100116,GA,1.0,2,0,25000,25000,1072.89,tier_3
POL100117,TX,2.0,4,0,15000,10000,1739.31,tier_3
POL100118,CA,1.0,2,0,50000,10000,959.3,tier_2
POL100119,TX,2.0,2,1,15000,5000,1737.34,tier_3
POL100120,CA,2.0,2,1,25000,50000,1534.1,tier_3
POL100121,FL,2.0,3,1,25000,5000,1804.82,tier_3
POL100122,GA,3.0,5,0,25000,5000,1727.02,tier_1
POL100123,GA,2.0,3,3,15000,10000,1827.81,tier_2
POL100124,TX,1.0,3,1,15000,5000,1420.8,tier_1
POL100125,TX,1.0,2,2,15000,5000,1643.85,tier_3
POL100126,CA,2.0,2,0,25000,5000,1229.99,tier_2
POL100127,FL,2.0,2,0,15000,10000,1150.57,tier_1
POL100128,CA,1.0,2,0,100000,10000,992.72,tier_1
POL100129,GA,1.0,3,3,25000,25000,2105.28,tier_3
POL100130,AZ,2.0,4,1,25000,25000,1785.78,tier_2
POL100131,CA,3.0,3,2,25000,10000,2645.42,tier_4
POL100132,NV,2.0,3,1,15000,50000,1943.67,tier_3
POL100133,FL,1.0,3,1,25000,25000,1425.15,tier_2
POL100134,AZ,1.0,2,0,25000,25000,1342.99,tier_3
POL100135,FL,2.0,2,1,25000,25000,1378.09,tier_1
POL100136,CA,1.0,2,5,25000,10000,2647.91,tier_4
POL100137,FL,2.0,2,1,25000,10000,1865.94,tier_3
POL100138,CA,2.0,2,1,100000,10000,1841.78,tier_4
POL100139,FL,1.0,2,0,15000,5000,1058.12,tier_1
POL100140,CA,1.0,1,0,25000,10000,1028.28,tier_3
POL100141,NV,1.0,2,1,15000,5000,1518.19,tier_3
POL100142,AZ,3.0,4,3,25000,5000,3005.08,tier_4
POL100143,CA,2.0,3,2,50000,50000,2099.19,tier_3
POL100144,TX,1.0,2,1,15000,25000,1406.48,tier_3
POL100145,NV,3.0,3,1,25000,10000,1892.97,tier_2
POL100146,CA,2.0,4,2,25000,10000,1958.79,tier_2
POL100147,FL,2.0,4,1,15000,10000,2023.56,tier_3
POL100148,NV,3.0,5,2,100000,50000,2057.8,tier_2
POL100149,TX,1.0,3,0,25000,25000,1042.48,tier_1
POL100150,AZ,1.0,2,3,50000,10000,2256.7,tier_4
POL100151,FL,2.0,4,2,25000,10000,2544.41,tier_4
POL100152,FL,1.0,2,1,100000,10000,1212.2,tier_1
POL100153,CA,2.0,2,1,25000,25000,1612.9,tier_3
POL100154,CA,1.0,3,0,25000,50000,1053.9,tier_1
POL100155,CA,1.0,1,2,50000,10000,1630.4,tier_3
POL100156,GA,1.0,3,0,25000,10000,966.56,tier_2
POL100157,GA,1.0,2,0,25000,10000,1226.09,tier_3
POL100158,AZ,1.0,3,0,100000,10000,1297.62,tier_3
POL100159,CA,1.0,2,2,25000,50000,1602.45,tier_3
POL100160,FL,3.0,4,1,50000,25000,1738.61,tier_1
POL100161,AZ,1.0,1,1,50000,10000,1574.03,tier_4
POL100162,NV,1.0,3,2,50000,10000,1689.58,tier_2
POL100163,CA,1.0,1,0,50000,10000,800.77,tier_1
POL100164,GA,1.0,2,0,25000,5000,1250.44,tier_3
POL100165,CA,1.0,2,1,25000,10000,1323.29,tier_2
POL100166,CA,2.0,3,5,15000,25000,3214.87,tier_4
POL100167,GA,1.0,1,2,25000,25000,1700.59,tier_4
POL100168,FL,3.0,4,1,50000,5000,1836.01,tier_2
POL100169,TX,3.0,4,3,25000,25000,3134.82,tier_4
POL100170,FL,1.0,1,1,15000,25000,1114.67,tier_2
POL100171,GA,1.0,1,0,25000,10000,937.07,tier_3
POL100172,CA,1.0,3,0,25000,10000,1017.04,tier_2
POL100173,NV,2.0,2,2,50000,10000,2251.11,tier_4
POL100174,TX,1.0,1,1,15000,25000,1071.77,tier_2
POL100175,CA,3.0,4,0,25000,5000,1538.58,tier_1
POL100176,TX,2.0,2,0,50000,5000,1323.38,tier_2
POL100177,FL,3.0,4,1,100000,10000,2372.74,tier_4
POL100178,CA,2.0,2,1,15000,5000,1886.76,tier_4
POL100179,TX,4.0,5,5,100000,10000,3519.49,tier_3
POL100180,FL,1.0,3,2,25000,25000,2136.78,tier_4
POL100181,FL,1.0,2,1,50000,5000,1747.53,tier_4
POL100182,NV,1.0,3,3,15000,10000,1969.0,tier_3
POL100183,AZ,4.0,5,0,25000,50000,2038.18,tier_2
POL100184,TX,2.0,2,5,25000,10000,3137.48,tier_4
POL100185,TX,3.0,4,2,25000,10000,2396.16,tier_3
POL100186,FL,1.0,1,0,25000,10000,886.07,tier_2
POL100187,FL,4.0,5,0,25000,5000,1835.82,tier_1
POL100188,CA,2.0,2,0,25000,5000,1421.31,tier_3
POL100189,TX,2.0,4,0,15000,25000,1530.0,tier_2
POL100190,CA,4.0,4,3,25000,10000,3359.71,tier_4
POL100191,TX,1.0,2,1,15000,10000,1166.03,tier_2
POL100192,GA,1.0,1,0,100000,5000,896.42,tier_1
POL100193,FL,2.0,4,1,100000,25000,2334.78,tier_4
POL100194,TX,1.0,3,1,25000,5000,1265.07,tier_1
POL100195,FL,1.0,3,0,15000,25000,1033.25,tier_2
POL100196,NV,1.0,2,2,15000,10000,1670.25,tier_3
POL100197,FL,1.0,1,1,25000,10000,1486.22,tier_4
POL100198,FL,3.0,5,1,50000,5000,1923.96,tier_2
POL100199,NV,2.0,3,0,25000,5000,1318.64,tier_2
POL100200,CA,1.0,3,0,15000,10000,1405.1,tier_4
POL100201,FL,1.0,3,1,15000,25000,1866.32,tier_4
POL100202,FL,2.0,3,1,15000,5000,1808.11,tier_3
POL100203,NV,2.0,4,0,50000,10000,1199.61,tier_1
POL100204,GA,3.0,5,0,25000,10000,1659.12,tier_1
POL100205,AZ,3.0,4,0,25000,5000,1664.7,tier_2
POL100206,FL,1.0,1,1,25000,10000,1055.65,tier_1
POL100207,CA,1.0,1,2,100000,5000,1496.72,tier_3
POL100208,FL,2.0,3,0,25000,10000,1152.62,tier_1
POL100209,AZ,2.0,3,3,50000,5000,2232.48,tier_3
POL100210,GA,2.0,2,2,100000,10000,1850.26,tier_3
POL100211,AZ,2.0,2,0,25000,10000,1393.6,tier_3
POL100212,CA,2.0,4,1,100000,10000,1713.58,tier_2
POL100213,NV,1.0,3,5,15000,10000,2957.69,tier_4
POL100214,GA,1.0,1,0,50000,50000,990.02,tier_3
POL100215,NV,1.0,2,1,15000,10000,1398.13,tier_3
POL100216,NV,1.0,1,0,25000,25000,1025.41,tier_1
POL100217,FL,1.0,3,0,15000,5000,984.24,tier_1
POL100218,FL,2.0,4,1,15000,10000,2188.17,tier_4
POL100219,TX,1.0,3,0,15000,5000,1440.23,tier_2
POL100220,CA,1.0,2,1,25000,10000,1285.29,tier_2
POL100221,AZ,2.0,3,2,25000,25000,1928.7,tier_3
POL100222,GA,2.0,4,3,25000,25000,2519.63,tier_3
POL100223,AZ,1.0,2,1,25000,10000,1564.85,tier_4
POL100224,TX,3.0,4,2,100000,10000,2187.77,tier_2
POL100225,CA,3.0,5,3,100000,5000,3218.17,tier_4
POL100226,TX,2.0,3,1,15000,5000,1382.87,tier_1
POL100227,AZ,2.0,4,0,25000,25000,1828.78,tier_3
POL100228,NV,1.0,2,2,50000,5000,1728.14,tier_3
POL100229,GA,4.0,5,0,50000,5000,1882.95,tier_1
POL100230,TX,1.0,1,0,25000,50000,849.22,tier_1
POL100231,FL,3.0,3,0,50000,50000,1500.47,tier_2
POL100232,AZ,2.0,2,0,15000,10000,1652.77,tier_4
POL100233,TX,1.0,2,2,25000,10000,1782.78,tier_3
POL100234,GA,1.0,3,1,50000,25000,1826.15,tier_4
POL100235,FL,2.0,2,0,25000,5000,1753.94,tier_4
POL100236,CA,2.0,2,2,50000,10000,1968.29,tier_3
POL100237,CA,1.0,3,2,15000,10000,2122.52,tier_4
POL100238,GA,2.0,4,0,15000,50000,1360.88,tier_1
POL100239,NV,3.0,4,2,15000,50000,1921.17,tier_1
POL100240,AZ,2.0,3,4,15000,25000,2826.14,tier_4
POL100241,AZ,2.0,3,0,15000,5000,1765.64,tier_4
POL100242,TX,1.0,1,0,25000,10000,916.55,tier_2
POL100243,AZ,3.0,3,0,25000,5000,1722.63,tier_3
POL100244,GA,1.0,3,1,50000,50000,1606.7,tier_3
POL100245,CA,3.0,4,2,25000,5000,2775.61,tier_4
POL100246,AZ,1.0,3,1,15000,5000,1643.76,tier_3
POL100247,TX,2.0,4,0,50000,25000,1536.86,tier_2
POL100248,TX,1.0,1,0,15000,10000,911.96,tier_2
POL100249,TX,1.0,1,0,50000,25000,781.54,tier_2
POL100250,AZ,2.0,4,1,15000,5000,2096.21,tier_3
POL100251,CA,2.0,2,2,25000,25000,2168.34,tier_4
POL100252,FL,2.0,3,2,100000,5000,2039.12,tier_3
POL100253,NV,4.0,5,1,25000,5000,2181.14,tier_2
POL100254,CA,4.0,5,0,25000,10000,1948.24,tier_2
POL100255,AZ,3.0,5,0,50000,5000,2189.24,tier_3
POL100256,GA,1.0,1,1,15000,10000,1587.51,tier_4
POL100257,CA,2.0,2,0,50000,5000,1139.77,tier_1
POL100258,CA,3.0,3,0,100000,5000,1382.61,tier_1
POL100259,GA,1.0,1,1,100000,25000,1330.63,tier_3
POL100260,CA,1.0,1,0,25000,5000,818.52,tier_1
POL100261,CA,3.0,5,2,25000,25000,2930.13,tier_4
POL100262,GA,2.0,2,1,50000,25000,1467.24,tier_2
POL100263,GA,2.0,4,0,25000,5000,1302.0,tier_1
POL100264,NV,4.0,5,2,15000,25000,3216.14,tier_4
POL100265,FL,2.0,3,1,15000,10000,1587.11,tier_2
POL100266,GA,1.0,1,2,15000,10000,1390.0,tier_2
POL100267,NV,1.0,1,0,25000,5000,759.62,tier_1
POL100268,NV,1.0,2,0,15000,25000,991.36,tier_1
POL100269,AZ,1.0,1,1,15000,10000,934.71,tier_1
POL100270,NV,3.0,5,0,15000,10000,1580.58,tier_1
POL100271,FL,3.0,3,1,100000,50000,1713.79,tier_2
POL100272,TX,1.0,1,0,15000,10000,721.13,tier_1
POL100273,FL,1.0,3,1,15000,50000,1664.33,tier_3
POL100274,FL,3.0,4,1,25000,25000,2077.63,tier_3
POL100275,TX,1.0,1,0,15000,50000,838.34,tier_2
POL100276,FL,2.0,4,0,100000,50000,1587.21,tier_2
POL100277,AZ,2.0,2,2,100000,50000,1847.5,tier_3
POL100278,TX,2.0,4,5,25000,5000,3378.81,tier_4
POL100279,CA,1.0,3,2,25000,25000,2018.48,tier_4
POL100280,TX,2.0,4,0,25000,25000,1410.3,tier_1
POL100281,TX,1.0,3,1,15000,10000,1452.72,tier_2
POL100282,AZ,2.0,2,0,25000,10000,1280.81,tier_2
POL100283,FL,1.0,3,0,15000,50000,1205.94,tier_2
POL100284,TX,2.0,2,0,15000,5000,1398.26,tier_3
POL100285,AZ,2.0,3,1,25000,10000,1525.18,tier_2
POL100286,CA,1.0,1,0,15000,10000,742.98,tier_1
POL100287,CA,1.0,2,0,15000,5000,1138.64,tier_2
POL100288,AZ,1.0,3,1,25000,25000,1643.01,tier_3
POL100289,FL,1.0,2,1,25000,5000,1071.57,tier_1
POL100290,AZ,1.0,1,4,15000,25000,2342.49,tier_4
POL100291,AZ,4.0,4,0,15000,25000,1655.99,tier_1
POL100292,GA,1.0,3,0,15000,10000,1429.0,tier_4
POL100293,CA,3.0,4,1,15000,25000,1725.1,tier_1
POL100294,AZ,4.0,5,3,50000,5000,3449.18,tier_4
POL100295,NV,1.0,2,0,100000,25000,1271.43,tier_4
POL100296,CA,2.0,2,0,25000,50000,1475.07,tier_4
POL100297,GA,3.0,4,1,25000,5000,2351.08,tier_4
POL100298,TX,2.0,3,4,50000,25000,2900.93,tier_4
POL100299,GA,1.0,3,0,25000,10000,1318.77,tier_3
POL100300,FL,2.0,3,1,15000,10000,1988.7,tier_4
POL100301,FL,1.0,3,0,15000,25000,1105.06,tier_1
POL100302,CA,2.0,4,1,25000,10000,1938.43,tier_3
POL100303,GA,4.0,4,2,25000,10000,2677.04,tier_3
POL100304,FL,4.0,5,4,15000,5000,3758.75,tier_4
POL100305,CA,1.0,2,0,25000,10000,1109.1,tier_3
POL100306,CA,2.0,2,1,25000,25000,1448.2,tier_2
POL100307,AZ,1.0,1,0,15000,5000,918.67,tier_3
POL100308,CA,3.0,5,0,25000,10000,1846.6,tier_2
POL100309,FL,1.0,2,0,50000,5000,851.34,tier_1
POL100310,NV,3.0,3,1,25000,25000,2088.05,tier_3
POL100311,TX,3.0,3,1,15000,10000,1729.98,tier_2
POL100312,FL,1.0,1,1,15000,10000,1208.57,tier_2
POL100313,TX,1.0,1,1,50000,5000,1022.83,tier_2
POL100314,GA,3.0,3,0,25000,10000,1480.64,tier_2
POL100315,AZ,1.0,3,1,15000,50000,1413.13,tier_2
POL100316,TX,2.0,4,2,15000,10000,2020.99,tier_2
POL100317,FL,3.0,4,1,50000,10000,2301.66,tier_3
POL100318,FL,2.0,3,0,50000,25000,1352.77,tier_2
POL100319,GA,1.0,3,0,50000,10000,1681.11,tier_4
POL100320,TX,2.0,4,1,25000,10000,2210.98,tier_4
POL100321,FL,1.0,1,1,25000,10000,1371.4,tier_3
POL100322,GA,4.0,5,1,25000,5000,2130.16,tier_2
POL100323,CA,1.0,1,1,15000,25000,1313.72,tier_3
POL100324,FL,1.0,1,2,50000,25000,1560.46,tier_4
POL100325,CA,1.0,2,1,25000,50000,1332.66,tier_3
POL100326,FL,4.0,5,2,15000,50000,3234.37,tier_4
POL100327,TX,1.0,1,2,100000,10000,1418.44,tier_3
POL100328,GA,3.0,3,1,25000,10000,2046.29,tier_3
POL100329,TX,2.0,2,1,15000,10000,1515.55,tier_2
POL100330,CA,3.0,4,0,25000,50000,1865.39,tier_3
POL100331,AZ,4.0,5,1,50000,25000,2127.89,tier_2
POL100332,AZ,3.0,3,2,100000,10000,2221.69,tier_3
POL100333,NV,4.0,4,2,25000,25000,2940.11,tier_4
POL100334,NV,1.0,1,1,100000,25000,1003.15,tier_1
POL100335,TX,3.0,3,2,50000,50000,2270.68,tier_3
POL100336,NV,2.0,2,0,50000,25000,1075.99,tier_1
POL100337,CA,2.0,3,2,50000,10000,2188.32,tier_3
POL100338,CA,3.0,4,2,25000,10000,1848.35,tier_1
POL100339,GA,4.0,5,0,50000,10000,2733.37,tier_4
POL100340,NV,2.0,4,1,25000,10000,1450.49,tier_1
POL100341,TX,2.0,3,0,50000,50000,1779.49,tier_4
POL100342,CA,2.0,2,5,15000,10000,3150.36,tier_4
POL100343,GA,1.0,2,0,50000,10000,1272.17,tier_3
POL100344,CA,1.0,1,1,100000,10000,1433.98,tier_4
POL100345,TX,1.0,3,1,25000,10000,1861.88,tier_4
POL100346,CA,1.0,1,1,100000,10000,1505.5,tier_4
POL100347,CA,1.0,1,0,25000,5000,851.86,tier_2
POL100348,TX,2.0,4,0,15000,25000,1744.36,tier_3
POL100349,GA,2.0,3,0,15000,10000,1379.06,tier_1
POL100350,TX,3.0,3,1,50000,10000,2050.09,tier_3
POL100351,FL,2.0,4,2,25000,5000,1969.64,tier_2
POL100352,NV,1.0,1,1,25000,10000,1335.13,tier_3
POL100353,FL,1.0,3,0,25000,25000,1201.82,tier_3
POL100354,NV,1.0,3,1,25000,50000,1617.12,tier_3
POL100355,NV,4.0,5,4,25000,5000,3195.58,tier_3
POL100356,FL,1.0,2,1,50000,50000,1377.86,tier_3
POL100357,NV,2.0,3,0,50000,25000,1957.07,tier_4
POL100358,AZ,3.0,4,1,50000,10000,2138.47,tier_3
POL100359,NV,4.0,4,1,25000,5000,2313.09,tier_3
POL100360,AZ,1.0,1,1,100000,10000,1567.67,tier_4
POL100361,CA,1.0,1,0,15000,25000,731.7,tier_1
POL100362,NV,1.0,3,0,15000,10000,1011.72,tier_1
POL100363,NV,1.0,1,0,15000,10000,918.42,tier_1
POL100364,TX,1.0,2,2,25000,25000,1683.64,tier_3
POL100365,GA,2.0,4,1,25000,25000,1568.26,tier_2
POL100366,TX,3.0,5,3,50000,25000,3282.34,tier_4
POL100367,TX,2.0,2,0,25000,25000,1358.3,tier_3
POL100368,AZ,2.0,2,4,15000,5000,2230.89,tier_2
POL100369,TX,1.0,3,3,25000,25000,2342.77,tier_4
POL100370,TX,3.0,3,1,100000,10000,2099.35,tier_3
POL100371,TX,2.0,2,2,25000,5000,1809.93,tier_2
POL100372,GA,3.0,5,0,15000,50000,1728.42,tier_2
POL100373,FL,4.0,5,1,25000,5000,2193.83,tier_2
POL100374,NV,1.0,3,0,25000,5000,1082.78,tier_1
POL100375,AZ,1.0,3,0,15000,10000,976.88,tier_1
POL100376,FL,1.0,1,2,25000,10000,1782.48,tier_4
POL100377,GA,2.0,2,3,25000,5000,1860.38,tier_2
POL100378,AZ,4.0,4,0,25000,10000,1837.67,tier_2
POL100379,TX,1.0,1,3,25000,25000,1786.16,tier_3
POL100380,GA,2.0,4,3,15000,25000,2454.06,tier_3
POL100381,FL,2.0,2,2,100000,5000,2194.33,tier_4
POL100382,CA,1.0,2,2,25000,10000,1881.1,tier_4
POL100383,TX,1.0,3,3,25000,25000,2034.81,tier_3
POL100384,FL,2.0,4,1,15000,5000,1690.92,tier_2
POL100385,CA,2.0,2,1,25000,5000,1886.8,tier_4
POL100386,FL,2.0,3,2,50000,5000,2008.7,tier_3
POL100387,TX,1.0,2,3,15000,10000,2249.33,tier_4
POL100388,FL,2.0,4,2,15000,5000,1584.25,tier_1
POL100389,CA,1.0,2,4,15000,25000,2449.51,tier_4
POL100390,AZ,3.0,3,2,25000,50000,2238.21,tier_3
POL100391,TX,1.0,3,1,100000,5000,1176.48,tier_1
POL100392,CA,1.0,3,1,25000,10000,1716.48,tier_3
POL100393,FL,2.0,3,1,25000,5000,1795.6,tier_3
POL100394,FL,2.0,2,0,50000,5000,1117.03,tier_1
POL100395,FL,2.0,3,2,50000,25000,2004.93,tier_3
POL100396,FL,2.0,4,0,15000,10000,1944.46,tier_4
POL100397,CA,4.0,5,1,15000,50000,2106.95,tier_2
POL100398,GA,2.0,3,2,25000,10000,2031.57,tier_3
POL100399,FL,2.0,2,1,50000,5000,1358.85,tier_2
POL100400,CA,1.0,2,0,50000,10000,1005.42,tier_2
POL100401,AZ,1.0,3,3,50000,5000,2176.71,tier_4
POL100402,NV,2.0,4,1,50000,25000,2139.72,tier_4
POL100403,NV,1.0,1,0,15000,25000,936.68,tier_1
POL100404,TX,2.0,2,1,25000,10000,1961.18,tier_4
POL100405,TX,1.0,2,3,15000,10000,2333.92,tier_4
POL100406,FL,4.0,4,1,50000,25000,2196.96,tier_2
POL100407,CA,2.0,4,4,25000,25000,3162.2,tier_4
POL100408,TX,3.0,3,1,25000,5000,1552.76,tier_1
POL100409,GA,2.0,3,2,15000,5000,2264.73,tier_4
POL100410,NV,1.0,3,4,50000,5000,2431.47,tier_3
POL100411,TX,3.0,5,1,50000,10000,2315.49,tier_3
POL100412,CA,2.0,4,0,50000,10000,1551.49,tier_1
POL100413,NV,3.0,3,1,15000,5000,2280.47,tier_4
POL100414,TX,1.0,3,0,100000,10000,1217.45,tier_1
POL100415,CA,2.0,3,1,50000,10000,1556.42,tier_2
POL100416,CA,3.0,3,1,50000,5000,1704.81,tier_1
POL100417,NV,2.0,3,4,50000,50000,3076.72,tier_4
POL100418,NV,1.0,2,1,100000,10000,1162.55,tier_2
POL100419,CA,2.0,3,2,100000,10000,2311.68,tier_4
POL100420,CA,2.0,2,1,25000,10000,1556.2,tier_3
POL100421,FL,4.0,5,1,25000,10000,1895.2,tier_1
POL100422,FL,1.0,2,0,25000,25000,987.7,tier_1
POL100423,NV,,1,4,50000,10000,1593.54,tier_1
POL100424,CA,3.0,5,1,50000,10000,2314.45,tier_3
POL100425,NV,2.0,2,1,15000,50000,1937.88,tier_4
POL100426,GA,2.0,4,1,15000,25000,1543.12,tier_2
POL100427,FL,2.0,2,0,100000,25000,1710.18,tier_4
POL100428,CA,1.0,3,0,100000,5000,1020.08,tier_1
POL100429,NV,2.0,3,1,100000,5000,2108.35,tier_4
POL100430,TX,1.0,1,2,25000,25000,1812.26,tier_4
POL100431,CA,1.0,1,3,50000,10000,2165.82,tier_4
POL100432,TX,2.0,4,0,50000,25000,1683.09,tier_3
POL100433,GA,2.0,4,3,25000,25000,2634.69,tier_4
POL100434,TX,3.0,3,0,15000,10000,1396.61,tier_1
POL100435,AZ,1.0,2,2,100000,10000,1487.06,tier_2
POL100436,FL,1.0,2,1,15000,10000,1042.59,tier_1
POL100437,FL,4.0,4,1,25000,10000,2388.54,tier_3
POL100438,CA,1.0,2,0,50000,25000,1145.31,tier_3
POL100439,FL,1.0,3,2,50000,25000,1715.87,tier_3
POL100440,CA,1.0,3,1,15000,10000,1871.78,tier_4
POL100441,FL,2.0,4,1,50000,25000,1491.08,tier_1
POL100442,TX,3.0,3,2,15000,10000,2227.46,tier_3
POL100443,TX,2.0,2,0,50000,25000,1178.68,tier_2
POL100444,FL,2.0,3,1,15000,5000,1674.77,tier_2
POL100445,CA,1.0,1,0,50000,25000,1022.52,tier_3
POL100446,TX,1.0,2,2,50000,25000,1938.72,tier_4
POL100447,GA,2.0,2,0,15000,10000,1354.55,tier_3
POL100448,CA,1.0,1,1,15000,10000,1051.09,tier_1
POL100449,TX,1.0,1,0,50000,25000,1140.69,tier_3
POL100450,TX,1.0,1,0,15000,5000,867.32,tier_1
POL100451,TX,1.0,3,1,15000,25000,1873.08,tier_4
POL100452,NV,2.0,2,0,25000,50000,1443.53,tier_3
POL100453,TX,2.0,4,0,100000,25000,1363.18,tier_2
POL100454,FL,1.0,1,0,25000,10000,737.78,tier_1
POL100455,NV,2.0,2,1,25000,10000,1421.08,tier_2
POL100456,TX,3.0,4,3,100000,50000,3001.9,tier_4
POL100457,GA,2.0,4,0,25000,10000,1601.51,tier_3
POL100458,GA,3.0,3,1,25000,5000,2152.37,tier_4
POL100459,CA,2.0,2,0,25000,5000,1277.55,tier_3
POL100460,TX,3.0,5,1,25000,25000,2288.2,tier_3
POL100461,CA,1.0,2,0,25000,10000,925.1,tier_1
POL100462,CA,1.0,2,2,50000,5000,1864.59,tier_4
POL100463,FL,1.0,3,2,15000,10000,1607.96,tier_2
POL100464,FL,2.0,4,1,50000,25000,1907.12,tier_3
POL100465,TX,1.0,2,0,15000,10000,1268.7,tier_3
POL100466,TX,1.0,2,1,25000,25000,1414.26,tier_3
POL100467,TX,2.0,2,2,15000,25000,2239.59,tier_4
POL100468,GA,1.0,1,0,25000,50000,829.52,tier_1
POL100469,GA,1.0,2,2,50000,50000,1560.82,tier_3
POL100470,CA,1.0,1,0,25000,10000,890.04,tier_2
POL100471,NV,2.0,4,0,15000,25000,1586.97,tier_3
POL100472,FL,1.0,3,0,15000,5000,1040.56,tier_1
POL100473,NV,1.0,1,0,50000,50000,748.91,tier_1
POL100474,FL,1.0,2,1,15000,10000,1281.97,tier_2
POL100475,GA,2.0,2,0,50000,25000,1103.9,tier_2
POL100476,CA,3.0,4,0,25000,25000,1670.75,tier_2
POL100477,TX,2.0,2,0,15000,5000,1440.66,tier_3
POL100478,GA,2.0,3,0,50000,25000,1619.15,tier_3
POL100479,CA,3.0,4,0,25000,5000,1604.55,tier_2
POL100480,CA,4.0,5,1,15000,10000,2211.76,tier_2
POL100481,NV,2.0,3,1,100000,10000,1585.4,tier_2
POL100482,AZ,3.0,3,0,15000,10000,1889.51,tier_3
POL100483,NV,3.0,5,0,25000,10000,1674.84,tier_2
POL100484,AZ,3.0,5,0,25000,50000,1551.81,tier_1
POL100485,NV,2.0,4,1,25000,10000,1939.38,tier_2
POL100486,CA,1.0,2,6,50000,10000,2664.79,tier_3
POL100487,FL,1.0,3,3,15000,25000,1661.02,tier_2
POL100488,AZ,2.0,3,3,100000,25000,2248.48,tier_3
POL100489,AZ,2.0,4,3,50000,5000,2212.65,tier_3
POL100490,TX,1.0,1,4,100000,50000,2054.48,tier_3
POL100491,CA,2.0,2,1,50000,5000,1712.83,tier_3
POL100492,AZ,2.0,3,1,100000,10000,1716.51,tier_3
POL100493,TX,3.0,4,2,25000,10000,2070.49,tier_2
POL100494,CA,1.0,3,1,25000,25000,1893.21,tier_4
POL100495,AZ,1.0,1,2,25000,5000,1381.23,tier_3
POL100496,FL,3.0,5,1,50000,5000,1908.92,tier_2
POL100497,TX,3.0,3,1,25000,25000,1990.61,tier_3
POL100498,CA,4.0,5,0,50000,5000,1925.8,tier_2
POL100499,CA,3.0,5,0,15000,10000,2033.02,tier_3
POL100500,AZ,3.0,4,1,50000,25000,2052.58,tier_3
POL100501,FL,1.0,3,2,15000,25000,2122.72,tier_4
POL100502,CA,1.0,3,1,100000,5000,1802.02,tier_4
POL100503,TX,1.0,3,1,15000,10000,1624.68,tier_3
POL100504,CA,2.0,3,2,15000,50000,2063.03,tier_3
POL100505,CA,3.0,4,1,50000,10000,2501.57,tier_4
POL100506,TX,1.0,1,1,50000,5000,995.31,tier_2
POL100507,FL,2.0,3,2,50000,5000,2394.77,tier_4
POL100508,CA,1.0,3,5,100000,10000,2557.88,tier_3
POL100509,TX,1.0,2,1,15000,50000,1116.34,tier_1
POL100510,FL,1.0,2,2,50000,10000,1419.1,tier_1
POL100511,TX,1.0,1,3,25000,5000,1988.15,tier_4
POL100512,CA,4.0,5,2,25000,10000,2314.1,tier_1
POL100513,CA,1.0,1,0,25000,5000,1020.53,tier_2
POL100514,CA,3.0,5,1,15000,10000,2085.24,tier_2
POL100515,TX,2.0,3,0,25000,50000,1265.9,tier_2
POL100516,NV,1.0,1,0,50000,25000,711.92,tier_2
POL100517,CA,1.0,1,0,15000,5000,1117.7,tier_3
POL100518,AZ,3.0,5,0,100000,10000,1638.72,tier_1
POL100519,NV,1.0,3,3,25000,5000,2330.96,tier_4
POL100520,CA,3.0,5,1,15000,5000,2756.25,tier_4
POL100521,CA,1.0,1,0,50000,10000,824.52,tier_2
POL100522,CA,2.0,2,0,15000,10000,1065.95,tier_1
POL100523,CA,3.0,3,0,15000,25000,1802.62,tier_3
POL100524,FL,1.0,3,0,50000,50000,955.09,tier_1
POL100525,CA,1.0,3,0,15000,5000,1150.94,tier_2
POL100526,AZ,4.0,5,5,15000,50000,4156.68,tier_4
POL100527,FL,1.0,1,1,50000,10000,1487.64,tier_4
POL100528,NV,1.0,1,2,15000,10000,1865.53,tier_4
POL100529,NV,2.0,4,0,50000,25000,1576.86,tier_2
POL100530,FL,1.0,3,4,50000,5000,2334.66,tier_3
POL100531,GA,2.0,4,0,15000,10000,1493.38,tier_3
POL100532,GA,2.0,2,1,25000,25000,1344.51,tier_2
POL100533,TX,1.0,1,0,15000,10000,1090.88,tier_3
POL100534,CA,3.0,3,0,25000,25000,1259.98,tier_1
POL100535,TX,1.0,3,2,15000,5000,1573.48,tier_2
POL100536,CA,1.0,3,1,100000,25000,1606.77,tier_3
POL100537,FL,2.0,3,1,15000,5000,1694.66,tier_2
POL100538,TX,4.0,4,0,50000,5000,1809.62,tier_2
POL100539,FL,1.0,3,1,15000,10000,1760.0,tier_4
POL100540,AZ,1.0,1,2,15000,25000,1755.04,tier_4
POL100541,TX,2.0,4,2,25000,5000,2225.83,tier_3
POL100542,FL,3.0,5,4,25000,25000,3512.79,tier_4
POL100543,TX,1.0,3,1,100000,5000,1903.89,tier_4
POL100544,AZ,1.0,3,0,15000,10000,981.82,tier_1
POL100545,FL,2.0,3,0,15000,10000,1359.46,tier_2
POL100546,CA,1.0,2,0,25000,5000,1066.84,tier_2
POL100547,NV,1.0,1,0,25000,50000,778.23,tier_1
POL100548,CA,,3,0,100000,10000,1397.38,tier_3
POL100549,NV,1.0,3,1,100000,25000,1393.41,tier_2
POL100550,FL,2.0,2,1,100000,10000,1711.05,tier_3
POL100551,TX,3.0,5,0,15000,10000,1645.75,tier_1
POL100552,NV,2.0,2,0,25000,10000,1249.99,tier_2
POL100553,AZ,2.0,3,3,50000,50000,2588.95,tier_4
POL100554,AZ,4.0,4,0,25000,25000,1627.88,tier_1
POL100555,FL,1.0,2,0,50000,10000,1133.07,tier_2
POL100556,NV,1.0,2,1,15000,10000,1303.52,tier_2
POL100557,TX,3.0,4,1,25000,10000,2073.05,tier_3
POL100558,AZ,1.0,3,0,50000,10000,1341.37,tier_3
POL100559,AZ,2.0,4,0,15000,10000,1490.23,tier_3
POL100560,CA,2.0,3,1,100000,10000,1371.47,tier_1
POL100561,TX,1.0,3,0,25000,25000,1241.94,tier_2
POL100562,TX,2.0,3,1,15000,50000,2052.46,tier_4
POL100563,CA,1.0,1,3,15000,50000,1792.02,tier_3
POL100564,TX,1.0,1,2,15000,25000,1273.61,tier_3
POL100565,CA,2.0,2,3,25000,10000,2114.66,tier_3
POL100566,FL,1.0,3,0,15000,25000,1354.75,tier_3
POL100567,CA,3.0,4,0,25000,5000,1550.05,tier_1
POL100568,TX,3.0,4,1,50000,10000,1971.8,tier_2
POL100569,NV,3.0,4,2,25000,10000,2394.13,tier_3
POL100570,TX,1.0,3,0,15000,5000,1146.17,tier_2
POL100571,TX,1.0,2,0,25000,50000,1239.17,tier_4
POL100572,AZ,1.0,1,0,50000,25000,1008.62,tier_3
POL100573,GA,1.0,1,0,25000,10000,918.77,tier_3
POL100574,FL,4.0,5,3,15000,10000,3327.43,tier_4
POL100575,CA,1.0,2,3,25000,25000,1839.76,tier_3
POL100576,CA,1.0,3,4,25000,10000,2812.34,tier_4
POL100577,GA,3.0,4,1,25000,25000,2137.0,tier_3
POL100578,NV,1.0,3,3,15000,50000,2412.99,tier_4
POL100579,NV,1.0,2,0,100000,10000,985.35,tier_2
POL100580,NV,1.0,2,3,15000,5000,1779.8,tier_3
POL100581,CA,2.0,3,2,15000,10000,2125.57,tier_3
POL100582,FL,3.0,4,0,15000,5000,1325.86,tier_1
POL100583,AZ,1.0,3,2,25000,10000,1554.09,tier_2
POL100584,AZ,3.0,3,1,25000,5000,2306.86,tier_4
POL100585,TX,3.0,4,1,15000,5000,2179.59,tier_3
POL100586,FL,3.0,3,0,25000,10000,1476.5,tier_2
POL100587,CA,1.0,3,1,50000,5000,1224.52,tier_2
POL100588,GA,,3,0,25000,25000,1092.16,tier_2
POL100589,TX,3.0,4,0,100000,5000,1446.86,tier_1
POL100590,NV,1.0,3,1,25000,25000,1748.99,tier_4
POL100591,TX,2.0,3,1,15000,5000,1652.2,tier_2
POL100592,FL,2.0,2,1,100000,5000,1335.34,tier_2
POL100593,NV,1.0,2,0,50000,5000,1201.58,tier_3
POL100594,TX,3.0,5,1,25000,25000,1842.21,tier_1
POL100595,AZ,3.0,3,0,50000,10000,1619.89,tier_2
POL100596,GA,2.0,2,3,25000,10000,2136.68,tier_3
POL100597,AZ,2.0,2,3,25000,5000,2215.25,tier_3
POL100598,TX,3.0,5,1,50000,50000,2641.86,tier_4
POL100599,NV,2.0,3,0,50000,5000,1578.92,tier_3
POL100600,FL,2.0,4,1,25000,10000,1816.25,tier_3
POL100601,FL,3.0,5,1,25000,25000,2085.75,tier_3
POL100602,FL,2.0,3,1,25000,5000,2095.19,tier_4
POL100603,FL,1.0,3,1,15000,10000,1614.65,tier_3
POL100604,CA,1.0,1,1,100000,25000,1510.12,tier_4
POL100605,TX,1.0,1,1,25000,10000,1425.08,tier_4
POL100606,CA,2.0,3,0,25000,5000,1899.93,tier_4
POL100607,TX,2.0,3,0,25000,10000,1181.66,tier_1
POL100608,CA,2.0,2,0,25000,5000,1427.77,tier_3
POL100609,CA,1.0,1,0,25000,50000,948.29,tier_2
POL100610,AZ,3.0,3,2,100000,10000,2408.09,tier_3
POL100611,FL,3.0,5,1,25000,10000,2283.05,tier_3
POL100612,CA,1.0,3,1,50000,5000,1759.18,tier_4
POL100613,AZ,2.0,4,0,25000,25000,1818.46,tier_4
POL100614,GA,2.0,3,0,25000,25000,1481.2,tier_2
POL100615,GA,2.0,3,4,15000,5000,2585.82,tier_3
POL100616,AZ,,3,0,25000,50000,1364.51,tier_3
POL100617,GA,3.0,4,0,15000,10000,1934.42,tier_2
POL100618,FL,4.0,4,0,50000,25000,1709.13,tier_1
POL100619,GA,2.0,3,0,50000,10000,1110.05,tier_1
POL100620,GA,3.0,5,0,25000,5000,2350.05,tier_4
POL100621,TX,4.0,5,1,25000,25000,2443.14,tier_3
POL100622,AZ,1.0,3,1,50000,25000,1781.05,tier_4
POL100623,AZ,2.0,4,2,15000,10000,2161.78,tier_3
POL100624,AZ,2.0,2,1,100000,5000,1840.7,tier_4
POL100625,GA,4.0,5,1,25000,25000,2091.82,tier_2
POL100626,TX,1.0,2,0,15000,5000,1487.76,tier_4
POL100627,TX,1.0,2,0,15000,10000,956.4,tier_1
POL100628,NV,3.0,3,0,100000,10000,1738.83,tier_3
POL100629,NV,1.0,2,1,15000,5000,1706.6,tier_4
POL100630,GA,3.0,3,0,50000,5000,2061.74,tier_4
POL100631,GA,1.0,1,2,15000,5000,1782.93,tier_4
POL100632,NV,4.0,5,0,15000,50000,1858.47,tier_1
POL100633,GA,3.0,3,0,50000,10000,1549.63,tier_2
POL100634,CA,1.0,2,1,15000,25000,1187.47,tier_1
POL100635,GA,2.0,2,0,15000,50000,1166.01,tier_1
POL100636,CA,1.0,1,2,25000,25000,1543.83,tier_3
POL100637,FL,2.0,3,3,50000,10000,2279.27,tier_3
POL100638,CA,2.0,4,2,25000,10000,2655.48,tier_4
POL100639,FL,3.0,5,2,15000,10000,2905.68,tier_4
POL100640,TX,1.0,2,1,100000,10000,1461.26,tier_3
POL100641,CA,1.0,2,3,50000,50000,2256.98,tier_4
POL100642,NV,2.0,4,1,50000,25000,1487.19,tier_1
POL100643,NV,2.0,2,1,50000,10000,1369.84,tier_2
POL100644,CA,2.0,4,0,50000,10000,1661.92,tier_3
POL100645,NV,1.0,1,1,25000,50000,1427.86,tier_4
POL100646,CA,1.0,1,0,25000,5000,688.31,tier_1
POL100647,CA,3.0,4,3,50000,25000,2608.62,tier_3
POL100648,CA,1.0,1,3,50000,10000,1804.63,tier_3
POL100649,FL,1.0,3,1,100000,25000,1356.86,tier_1
POL100650,AZ,4.0,5,3,25000,25000,2698.37,tier_2
POL100651,FL,1.0,2,1,25000,10000,1421.24,tier_4
POL100652,AZ,2.0,4,1,25000,5000,1998.51,tier_3
POL100653,FL,1.0,3,2,25000,25000,1553.81,tier_2
POL100654,AZ,3.0,5,2,25000,10000,2984.81,tier_4
POL100655,GA,2.0,4,0,50000,10000,1479.3,tier_2
POL100656,TX,3.0,4,0,25000,10000,2177.82,tier_4
POL100657,CA,1.0,1,0,15000,10000,889.06,tier_2
POL100658,CA,2.0,4,2,25000,25000,2194.09,tier_3
POL100659,FL,2.0,3,1,25000,5000,1684.02,tier_2
POL100660,FL,1.0,3,0,100000,10000,1158.58,tier_2
POL100661,CA,1.0,3,2,25000,50000,2196.77,tier_4
POL100662,GA,1.0,1,2,25000,5000,1418.64,tier_2
POL100663,GA,4.0,5,0,25000,10000,1856.95,tier_1
POL100664,TX,2.0,2,0,25000,25000,1066.14,tier_2
POL100665,CA,2.0,2,0,15000,50000,1486.91,tier_3
POL100666,CA,2.0,4,2,100000,10000,2486.48,tier_4
POL100667,TX,2.0,4,1,100000,25000,2296.44,tier_4
POL100668,AZ,2.0,4,1,25000,5000,1618.33,tier_2
POL100669,FL,2.0,4,2,25000,10000,1820.77,tier_2
POL100670,CA,2.0,3,0,15000,50000,1388.74,tier_1
POL100671,FL,1.0,2,1,25000,50000,1346.66,tier_3
POL100672,CA,3.0,5,1,25000,10000,2753.92,tier_4
POL100673,TX,3.0,4,3,50000,10000,2674.07,tier_3
POL100674,TX,1.0,2,1,15000,10000,1392.29,tier_3
POL100675,NV,2.0,2,1,50000,5000,1434.69,tier_2
POL100676,FL,1.0,3,2,25000,50000,1993.91,tier_4
POL100677,GA,4.0,5,2,50000,25000,2776.83,tier_3
POL100678,CA,3.0,5,3,25000,10000,2135.72,tier_1
POL100679,AZ,3.0,4,1,15000,10000,1856.39,tier_2
POL100680,CA,1.0,1,0,25000,10000,890.9,tier_1
POL100681,TX,1.0,1,1,50000,5000,1139.86,tier_2
POL100682,GA,1.0,2,1,25000,25000,1004.52,tier_1
POL100683,NV,1.0,3,1,15000,10000,1650.38,tier_3
POL100684,CA,1.0,3,1,25000,5000,1577.4,tier_3
POL100685,FL,1.0,3,0,25000,10000,1114.16,tier_2
POL100686,NV,4.0,5,1,50000,50000,2273.72,tier_2
POL100687,GA,1.0,3,3,25000,5000,2380.09,tier_4
POL100688,FL,1.0,3,0,15000,10000,1226.92,tier_3
POL100689,CA,3.0,3,1,25000,10000,2167.06,tier_3
POL100690,FL,2.0,4,0,50000,5000,1479.03,tier_2
POL100691,CA,2.0,2,0,50000,10000,1593.88,tier_4
POL100692,CA,2.0,3,1,15000,10000,1535.32,tier_2
POL100693,FL,3.0,5,0,25000,5000,1901.05,tier_2
POL100694,AZ,2.0,3,1,25000,5000,2018.49,tier_4
POL100695,CA,2.0,4,1,15000,25000,1812.68,tier_3
POL100696,AZ,2.0,2,1,25000,10000,1586.31,tier_3
POL100697,NV,2.0,3,1,15000,10000,1906.78,tier_3
POL100698,NV,1.0,3,1,15000,10000,1648.73,tier_3
POL100699,TX,2.0,3,1,50000,25000,1548.07,tier_2
POL100700,TX,1.0,3,1,15000,25000,1497.48,tier_2
POL100701,CA,3.0,4,1,50000,25000,1953.58,tier_2
POL100702,TX,1.0,3,0,15000,10000,1027.09,tier_1
POL100703,TX,1.0,2,2,25000,10000,1917.9,tier_4
POL100704,TX,1.0,3,3,25000,10000,1849.74,tier_2
POL100705,CA,3.0,3,2,50000,10000,2191.29,tier_3
POL100706,CA,1.0,1,4,50000,10000,2339.48,tier_4
POL100707,GA,2.0,2,4,25000,5000,2786.22,tier_4
POL100708,AZ,3.0,5,0,25000,10000,1657.36,tier_2
POL100709,TX,1.0,1,0,15000,10000,1009.91,tier_3
POL100710,GA,2.0,2,1,25000,5000,1864.84,tier_4
POL100711,TX,1.0,3,3,15000,10000,2169.39,tier_3
POL100712,TX,1.0,2,1,25000,25000,1485.42,tier_4
POL100713,AZ,2.0,2,1,15000,10000,1858.17,tier_4
POL100714,FL,3.0,3,0,100000,25000,1980.75,tier_4
POL100715,TX,1.0,1,0,25000,10000,979.36,tier_2
POL100716,TX,2.0,4,1,25000,25000,1940.3,tier_3
POL100717,FL,1.0,2,0,25000,25000,1083.67,tier_1
POL100718,FL,2.0,4,2,25000,5000,2252.29,tier_3
POL100719,TX,2.0,2,0,15000,50000,1565.93,tier_4
POL100720,FL,2.0,3,1,100000,5000,1814.37,tier_3
POL100721,TX,2.0,2,1,50000,10000,1408.4,tier_2
POL100722,FL,1.0,2,0,15000,25000,1004.05,tier_1
POL100723,CA,2.0,3,0,50000,10000,1660.06,tier_4
POL100724,AZ,2.0,4,0,25000,10000,1269.49,tier_1
POL100725,NV,2.0,3,0,15000,10000,1259.48,tier_1
POL100726,TX,1.0,3,1,25000,5000,1484.94,tier_2
POL100727,NV,2.0,3,1,15000,5000,1233.08,tier_1
POL100728,CA,1.0,1,0,15000,5000,1142.83,tier_3
POL100729,TX,1.0,3,0,50000,5000,1314.09,tier_3
POL100730,FL,1.0,2,0,15000,10000,868.87,tier_2
POL100731,FL,,2,0,100000,10000,846.85,tier_1
POL100732,NV,2.0,4,0,50000,10000,1209.5,tier_1
POL100733,GA,1.0,3,2,50000,25000,1599.58,tier_2
POL100734,TX,3.0,3,0,25000,5000,1386.15,tier_1
POL100735,TX,2.0,4,0,50000,10000,1745.82,tier_3
POL100736,FL,2.0,4,1,25000,25000,1654.29,tier_2
POL100737,TX,2.0,4,2,25000,50000,1827.32,tier_2
POL100738,CA,2.0,2,0,25000,10000,1182.89,tier_2
POL100739,GA,2.0,3,0,100000,5000,1352.11,tier_2
POL100740,AZ,3.0,4,1,15000,25000,1729.62,tier_1
POL100741,GA,2.0,3,0,25000,50000,1153.67,tier_1
POL100742,CA,2.0,3,3,50000,10000,2719.32,tier_4
POL100743,CA,2.0,3,1,25000,5000,1367.43,tier_1
POL100744,FL,2.0,3,1,50000,5000,1720.07,tier_3
POL100745,GA,1.0,3,0,25000,10000,1279.9,tier_3
POL100746,CA,2.0,3,1,15000,50000,1661.11,tier_2
POL100747,CA,2.0,2,0,25000,25000,1206.71,tier_2
POL100748,CA,3.0,3,1,25000,10000,2252.47,tier_4
POL100749,AZ,2.0,4,1,15000,10000,2314.32,tier_4
POL100750,AZ,2.0,4,0,15000,25000,1662.63,tier_2
POL100751,NV,4.0,5,1,15000,10000,2228.07,tier_2
POL100752,CA,2.0,2,0,50000,25000,1322.88,tier_2
POL100753,NV,1.0,3,2,100000,10000,1918.07,tier_3
POL100754,FL,1.0,1,3,25000,10000,1730.52,tier_3
POL100755,CA,1.0,2,4,15000,10000,1913.26,tier_2
POL100756,TX,1.0,1,2,25000,10000,1229.73,tier_2
POL100757,FL,2.0,2,0,50000,50000,1583.38,tier_4
POL100758,TX,2.0,4,0,50000,10000,1286.27,tier_1
POL100759,GA,2.0,3,1,25000,10000,1759.75,tier_3
POL100760,FL,1.0,1,1,15000,10000,1214.26,tier_3
POL100761,TX,2.0,3,0,100000,10000,1196.35,tier_1
POL100762,NV,1.0,1,0,50000,10000,857.49,tier_1
POL100763,NV,4.0,5,0,15000,25000,1790.09,tier_1
POL100764,CA,1.0,2,1,50000,10000,1483.73,tier_4
POL100765,FL,2.0,3,1,15000,10000,1356.83,tier_1
POL100766,TX,1.0,3,2,15000,10000,1472.1,tier_2
POL100767,TX,2.0,2,0,50000,5000,1122.75,tier_1
POL100768,NV,1.0,1,0,25000,25000,855.03,tier_1
POL100769,FL,2.0,3,2,25000,10000,2067.81,tier_3
POL100770,TX,1.0,3,0,100000,10000,1093.32,tier_2
POL100771,CA,3.0,4,2,50000,25000,2432.98,tier_3
POL100772,FL,2.0,2,3,15000,25000,2108.04,tier_3
POL100773,TX,2.0,4,0,25000,25000,1849.05,tier_4
POL100774,GA,3.0,4,0,50000,10000,1573.56,tier_1
POL100775,FL,4.0,4,3,25000,10000,3381.53,tier_4
POL100776,AZ,1.0,2,2,100000,25000,1760.66,tier_3
POL100777,TX,1.0,1,1,50000,10000,1066.54,tier_2
POL100778,AZ,1.0,3,4,15000,10000,2784.35,tier_4
POL100779,CA,1.0,1,3,15000,10000,2007.35,tier_4
POL100780,TX,2.0,3,0,50000,25000,1404.8,tier_2
POL100781,CA,4.0,5,1,100000,5000,2861.47,tier_4
POL100782,CA,4.0,4,3,15000,10000,2860.96,tier_3
POL100783,GA,2.0,3,1,15000,5000,1588.2,tier_3
POL100784,NV,2.0,2,2,50000,10000,2154.74,tier_4
POL100785,FL,3.0,4,0,15000,25000,1677.24,tier_2
POL100786,FL,3.0,5,0,15000,10000,2331.85,tier_4
POL100787,FL,1.0,3,1,100000,10000,1530.03,tier_2
POL100788,FL,2.0,2,0,50000,50000,1501.99,tier_4
POL100789,AZ,3.0,3,0,100000,25000,1710.1,tier_3
POL100790,FL,1.0,2,1,50000,10000,1172.59,tier_2
POL100791,NV,2.0,4,4,25000,50000,2314.58,tier_2
POL100792,TX,4.0,5,1,100000,10000,2297.92,tier_2
POL100793,GA,4.0,4,0,25000,25000,1807.13,tier_1
POL100794,CA,3.0,3,0,15000,5000,1332.18,tier_1
POL100795,TX,3.0,3,0,100000,10000,1476.79,tier_2
POL100796,GA,1.0,1,1,50000,10000,913.39,tier_1
POL100797,CA,1.0,2,1,100000,5000,1360.53,tier_2
POL100798,CA,2.0,4,2,15000,10000,2291.29,tier_3
POL100799,TX,2.0,2,3,100000,5000,2138.99,tier_3
POL100800,TX,2.0,4,0,25000,10000,1573.33,tier_3
POL100801,GA,2.0,3,1,50000,5000,1458.68,tier_2
POL100802,AZ,1.0,2,0,100000,5000,1366.9,tier_4
POL100803,FL,2.0,4,1,25000,50000,1990.69,tier_3
POL100804,GA,1.0,1,0,50000,25000,636.63,tier_1
POL100805,NV,1.0,3,0,50000,50000,1022.44,tier_1
POL100806,GA,1.0,1,0,50000,10000,1163.56,tier_3
POL100807,TX,1.0,2,1,100000,5000,1231.01,tier_2
POL100808,FL,3.0,5,1,50000,10000,2436.62,tier_3
POL100809,CA,2.0,3,1,15000,10000,2118.27,tier_4
POL100810,CA,1.0,1,0,15000,5000,720.09,tier_1
POL100811,NV,2.0,3,0,100000,25000,1195.87,tier_1
POL100812,CA,2.0,3,1,100000,10000,2052.16,tier_4
POL100813,FL,1.0,1,2,100000,25000,1449.04,tier_3
POL100814,NV,1.0,3,0,15000,10000,967.31,tier_1
POL100815,CA,1.0,1,2,25000,10000,1887.58,tier_4
POL100816,FL,2.0,3,3,50000,10000,2559.62,tier_4
POL100817,NV,1.0,2,1,50000,50000,1519.67,tier_3
POL100818,GA,1.0,1,1,15000,10000,1240.9,tier_3
POL100819,TX,1.0,3,3,25000,5000,1819.57,tier_2
POL100820,GA,2.0,3,0,15000,5000,1268.51,tier_1
POL100821,AZ,1.0,1,2,25000,10000,1479.12,tier_3
POL100822,NV,3.0,4,0,15000,50000,1717.77,tier_2
POL100823,TX,1.0,2,1,15000,50000,1254.05,tier_3
POL100824,NV,2.0,3,1,15000,25000,2100.48,tier_4
POL100825,AZ,2.0,4,1,100000,50000,1329.17,tier_1
POL100826,TX,2.0,3,0,50000,25000,1522.72,tier_3
POL100827,GA,1.0,3,1,100000,10000,1453.36,tier_2
POL100828,GA,3.0,4,0,25000,10000,2247.1,tier_4
POL100829,FL,3.0,4,0,25000,5000,1559.14,tier_2
POL100830,NV,1.0,1,1,25000,5000,1178.58,tier_3
POL100831,FL,1.0,2,0,25000,10000,1117.46,tier_3
POL100832,AZ,3.0,3,1,25000,5000,1774.58,tier_2
POL100833,AZ,2.0,4,1,50000,50000,1771.29,tier_3
POL100834,CA,1.0,3,0,50000,50000,1324.88,tier_3
POL100835,CA,1.0,3,0,50000,10000,1352.47,tier_3
POL100836,TX,2.0,4,0,15000,25000,1667.94,tier_3
POL100837,GA,2.0,2,0,25000,10000,1645.45,tier_4
POL100838,TX,2.0,2,0,15000,5000,1237.02,tier_2
POL100839,GA,4.0,5,3,15000,10000,2983.96,tier_3
POL100840,FL,2.0,3,0,50000,5000,1056.17,tier_1
POL100841,TX,1.0,1,2,25000,10000,1770.84,tier_4
POL100842,GA,2.0,2,1,50000,5000,1562.99,tier_3
POL100843,FL,1.0,3,0,15000,5000,1111.09,tier_2
POL100844,TX,1.0,2,2,100000,5000,1370.73,tier_1
POL100845,CA,1.0,1,2,100000,50000,1879.97,tier_4
POL100846,CA,1.0,3,1,25000,5000,1377.51,tier_2
POL100847,CA,2.0,2,4,50000,10000,2447.1,tier_3
POL100848,TX,1.0,2,0,15000,10000,808.22,tier_1
POL100849,FL,2.0,2,0,50000,10000,1621.67,tier_4
POL100850,TX,2.0,3,1,50000,10000,1564.66,tier_2
POL100851,CA,2.0,3,1,50000,5000,1674.23,tier_2
POL100852,TX,2.0,4,1,50000,10000,2189.66,tier_4
POL100853,TX,3.0,4,2,25000,10000,2753.26,tier_4
POL100854,GA,2.0,2,0,50000,25000,1308.0,tier_2
POL100855,TX,1.0,1,2,50000,10000,1522.18,tier_3
POL100856,CA,2.0,2,1,15000,10000,1549.75,tier_3
POL100857,FL,2.0,3,1,15000,10000,2279.99,tier_4
POL100858,GA,1.0,1,1,50000,5000,1026.57,tier_2
POL100859,AZ,1.0,2,1,25000,10000,1422.5,tier_3
POL100860,AZ,1.0,3,3,25000,5000,2111.47,tier_3
POL100861,GA,2.0,4,1,100000,10000,1966.75,tier_3
POL100862,FL,1.0,2,3,50000,25000,2205.67,tier_4
POL100863,GA,1.0,3,1,25000,5000,1562.3,tier_3
POL100864,CA,3.0,5,0,25000,5000,1609.28,tier_1
POL100865,AZ,3.0,4,2,25000,25000,2678.95,tier_4
POL100866,AZ,1.0,3,1,50000,10000,1997.47,tier_4
POL100867,GA,3.0,3,3,25000,25000,2872.4,tier_4
POL100868,FL,1.0,3,0,25000,50000,1100.49,tier_1
POL100869,AZ,3.0,3,1,50000,50000,1730.3,tier_2
POL100870,CA,4.0,5,1,50000,10000,2495.85,tier_3
POL100871,FL,1.0,3,0,50000,10000,1011.04,tier_1
POL100872,TX,2.0,3,1,15000,10000,1931.36,tier_4
POL100873,FL,4.0,4,1,50000,10000,2065.35,tier_2
POL100874,NV,3.0,4,2,25000,10000,2377.4,tier_3
POL100875,TX,4.0,5,0,15000,10000,2714.68,tier_4
POL100876,CA,2.0,4,0,50000,5000,1378.78,tier_2
POL100877,TX,1.0,3,0,50000,5000,1111.19,tier_2
POL100878,NV,3.0,4,1,25000,5000,2083.63,tier_3
POL100879,NV,2.0,4,1,50000,5000,2066.62,tier_3
POL100880,NV,2.0,3,0,25000,50000,1275.35,tier_2
POL100881,CA,1.0,2,2,15000,5000,1727.8,tier_3
POL100882,AZ,2.0,4,4,25000,10000,3187.46,tier_4
POL100883,NV,1.0,3,2,25000,50000,1817.58,tier_3
POL100884,CA,2.0,3,1,50000,10000,1452.72,tier_2
POL100885,TX,1.0,2,1,50000,10000,1133.55,tier_2
POL100886,FL,2.0,4,2,50000,25000,1994.58,tier_2
POL100887,TX,3.0,5,0,15000,10000,1522.1,tier_1
POL100888,CA,2.0,3,0,25000,10000,1382.57,tier_2
POL100889,CA,2.0,2,0,15000,25000,1401.72,tier_3
POL100890,CA,1.0,1,2,50000,25000,1370.81,tier_2
POL100891,CA,4.0,4,2,15000,25000,3062.28,tier_4
POL100892,TX,2.0,3,1,25000,50000,1490.39,tier_2
POL100893,AZ,1.0,2,0,50000,10000,848.08,tier_1
POL100894,FL,1.0,3,1,50000,25000,1638.77,tier_3
POL100895,TX,1.0,1,2,25000,10000,1706.01,tier_4
POL100896,NV,2.0,4,2,25000,25000,1687.74,tier_2
POL100897,FL,4.0,5,2,50000,25000,2485.89,tier_2
POL100898,CA,2.0,2,0,25000,25000,1129.92,tier_2
POL100899,CA,1.0,2,1,15000,50000,1467.71,tier_3
POL100900,CA,3.0,3,2,50000,10000,2380.39,tier_3
POL100901,FL,1.0,3,1,25000,25000,1382.17,tier_2
POL100902,FL,3.0,5,0,25000,10000,1713.89,tier_1
POL100903,TX,1.0,3,1,15000,10000,1591.07,tier_3
POL100904,FL,2.0,3,2,25000,25000,2487.83,tier_4
POL100905,GA,3.0,4,1,25000,25000,2069.72,tier_3
POL100906,TX,1.0,1,1,15000,10000,1277.3,tier_3
POL100907,FL,2.0,4,1,25000,10000,1596.22,tier_1
POL100908,FL,4.0,4,3,25000,10000,2503.82,tier_2
POL100909,NV,1.0,1,2,100000,5000,1436.69,tier_2
POL100910,NV,1.0,1,1,100000,10000,1241.28,tier_3
POL100911,NV,2.0,3,2,15000,50000,2528.8,tier_4
POL100912,CA,1.0,1,2,15000,10000,1939.89,tier_4
POL100913,FL,1.0,1,1,50000,50000,1493.68,tier_4
POL100914,AZ,2.0,3,4,100000,5000,2979.47,tier_4
POL100915,TX,2.0,4,3,50000,25000,2916.49,tier_4
POL100916,GA,1.0,2,0,15000,10000,830.09,tier_1
POL100917,TX,1.0,3,2,15000,25000,1337.23,tier_1
POL100918,FL,3.0,5,1,15000,10000,2128.05,tier_2
POL100919,FL,2.0,4,1,50000,25000,1967.29,tier_3
POL100920,FL,3.0,4,0,25000,50000,1491.25,tier_1
POL100921,AZ,2.0,4,2,25000,10000,2526.35,tier_4
POL100922,CA,4.0,5,0,25000,5000,2071.19,tier_3
POL100923,FL,,4,3,15000,10000,2431.8,tier_3
POL100924,FL,1.0,2,2,25000,25000,1405.99,tier_2
POL100925,AZ,3.0,3,0,15000,10000,1616.29,tier_2
POL100926,FL,2.0,3,0,50000,10000,1433.83,tier_2
POL100927,GA,1.0,3,1,50000,10000,1863.72,tier_4
POL100928,GA,1.0,3,1,50000,10000,1611.61,tier_3
POL100929,TX,2.0,3,1,25000,25000,1666.73,tier_3
POL100930,AZ,1.0,1,0,50000,25000,947.95,tier_2
POL100931,GA,1.0,2,1,50000,25000,1303.0,tier_2
POL100932,TX,1.0,3,0,15000,25000,1266.09,tier_2
POL100933,FL,2.0,3,0,15000,50000,1722.05,tier_3
POL100934,TX,1.0,2,0,25000,10000,1208.53,tier_4
POL100935,NV,2.0,3,1,25000,50000,1536.73,tier_2
POL100936,CA,1.0,1,3,15000,5000,1986.21,tier_4
POL100937,NV,1.0,1,0,15000,10000,826.91,tier_1
POL100938,TX,2.0,4,3,15000,25000,2816.34,tier_4
POL100939,FL,1.0,1,0,25000,10000,792.35,tier_1
POL100940,CA,2.0,4,0,25000,10000,1567.85,tier_2
POL100941,NV,1.0,1,2,15000,10000,1665.88,tier_4
POL100942,FL,1.0,2,1,50000,10000,1161.0,tier_2
POL100943,FL,1.0,2,2,25000,50000,1382.94,tier_2
POL100944,TX,2.0,4,0,25000,10000,1449.87,tier_2
POL100945,CA,1.0,3,1,15000,5000,1276.32,tier_2
POL100946,FL,3.0,4,2,50000,10000,2407.87,tier_3
POL100947,GA,1.0,2,1,100000,10000,1628.13,tier_4
POL100948,CA,2.0,4,1,25000,5000,2168.75,tier_4
POL100949,NV,2.0,3,0,15000,10000,1423.52,tier_2
POL100950,CA,1.0,1,1,15000,10000,1272.94,tier_3
POL100951,NV,2.0,3,0,15000,5000,1439.58,tier_2
POL100952,TX,1.0,1,0,50000,10000,881.17,tier_2
POL100953,FL,1.0,2,0,15000,10000,1026.94,tier_2
POL100954,TX,1.0,2,2,100000,25000,1884.16,tier_4
POL100955,CA,3.0,3,4,25000,10000,3180.3,tier_4
POL100956,TX,4.0,4,3,25000,5000,3372.54,tier_4
POL100957,TX,1.0,3,0,50000,50000,1291.04,tier_3
POL100958,FL,2.0,3,2,15000,10000,2090.07,tier_3
POL100959,GA,2.0,2,1,50000,5000,1574.92,tier_3
POL100960,FL,1.0,3,1,15000,25000,1642.52,tier_3
POL100961,GA,3.0,5,2,50000,5000,2192.46,tier_2
POL100962,FL,2.0,4,0,25000,25000,1411.89,tier_1
POL100963,CA,3.0,5,0,15000,25000,1634.43,tier_1
POL100964,TX,4.0,5,0,50000,50000,2744.38,tier_4
POL100965,TX,1.0,2,1,15000,50000,1329.9,tier_3
POL100966,TX,2.0,2,1,15000,10000,1765.12,tier_4
POL100967,AZ,2.0,4,0,50000,25000,1428.12,tier_2
POL100968,NV,1.0,1,1,25000,10000,1160.31,tier_3
POL100969,FL,1.0,1,2,100000,10000,1221.22,tier_2
POL100970,FL,4.0,5,0,25000,10000,2042.58,tier_2
POL100971,TX,1.0,3,0,25000,5000,1049.39,tier_1
POL100972,FL,2.0,3,0,25000,5000,1179.98,tier_1
POL100973,CA,3.0,5,1,15000,5000,2623.61,tier_4
POL100974,CA,1.0,3,0,100000,5000,1109.48,tier_2
POL100975,TX,2.0,4,1,15000,10000,2084.28,tier_3
POL100976,CA,4.0,4,1,25000,50000,2313.48,tier_3
POL100977,NV,2.0,3,0,15000,10000,1236.87,tier_2
POL100978,CA,1.0,1,1,15000,25000,1345.66,tier_3
POL100979,CA,1.0,3,1,25000,25000,1362.41,tier_2
POL100980,GA,4.0,4,2,50000,25000,3195.5,tier_4
POL100981,GA,1.0,3,2,50000,10000,2059.77,tier_4
POL100982,FL,2.0,2,1,50000,25000,1715.91,tier_3
POL100983,FL,1.0,2,0,25000,25000,1267.99,tier_3
POL100984,AZ,1.0,1,0,25000,25000,767.94,tier_1
POL100985,CA,3.0,5,1,15000,50000,2593.35,tier_4
POL100986,TX,2.0,3,1,50000,10000,1632.77,tier_2
POL100987,CA,4.0,5,0,25000,10000,1849.12,tier_1
POL100988,TX,1.0,1,0,25000,50000,777.85,tier_2
POL100989,GA,2.0,3,3,15000,10000,2546.78,tier_4
POL100990,NV,3.0,5,0,50000,25000,1842.4,tier_3
POL100991,GA,,4,1,50000,5000,1994.61,tier_3
POL100992,NV,1.0,1,3,50000,5000,2027.04,tier_4
POL100993,FL,,4,1,15000,10000,1876.22,tier_2
POL100994,NV,1.0,2,4,100000,5000,2367.83,tier_4
POL100995,NV,2.0,3,0,15000,50000,1255.91,tier_2
POL100996,FL,4.0,5,0,25000,5000,2233.37,tier_3
POL100997,TX,1.0,1,0,15000,25000,755.1,tier_1
POL100998,FL,1.0,3,1,15000,5000,1824.72,tier_4
POL100999,TX,1.0,1,2,25000,50000,1388.34,tier_2
POL101000,FL,1.0,1,0,15000,10000,1005.17,tier_1
POL101001,CA,1.0,3,1,25000,5000,1576.3,tier_3
POL101002,FL,2.0,4,0,50000,5000,1434.31,tier_1
POL101003,TX,1.0,2,0,50000,10000,860.45,tier_1
POL101004,TX,2.0,4,0,50000,50000,1549.63,tier_3
POL101005,FL,1.0,2,0,25000,50000,999.05,tier_2
POL101006,CA,1.0,2,4,15000,10000,2375.79,tier_4
POL101007,GA,1.0,1,2,50000,10000,1340.0,tier_2
POL101008,FL,2.0,2,1,15000,5000,1577.66,tier_3
POL101009,TX,2.0,3,2,15000,10000,1879.89,tier_3
POL101010,CA,1.0,2,1,15000,10000,1575.56,tier_3
POL101011,AZ,3.0,5,1,50000,10000,2264.31,tier_3
POL101012,FL,2.0,3,0,25000,10000,1402.8,tier_3
POL101013,TX,1.0,3,3,50000,50000,2470.64,tier_4
POL101014,TX,3.0,4,0,25000,5000,1607.57,tier_2
POL101015,NV,1.0,1,0,25000,5000,990.41,tier_2
POL101016,GA,1.0,3,3,25000,5000,2019.66,tier_3
POL101017,TX,2.0,3,2,15000,5000,2306.92,tier_4
POL101018,CA,1.0,2,0,25000,5000,960.31,tier_1
POL101019,CA,1.0,2,1,50000,10000,1299.92,tier_2
POL101020,CA,2.0,2,2,25000,5000,2245.72,tier_4
POL101021,NV,1.0,2,0,15000,25000,1168.37,tier_3
POL101022,GA,3.0,4,2,50000,50000,2818.73,tier_4
POL101023,GA,3.0,4,1,25000,50000,2223.38,tier_3
POL101024,AZ,2.0,2,2,15000,25000,1913.05,tier_3
POL101025,CA,2.0,3,0,15000,5000,1337.12,tier_2
POL101026,GA,2.0,3,1,25000,5000,1940.25,tier_4
POL101027,TX,4.0,5,2,25000,5000,2481.68,tier_2
POL101028,TX,1.0,1,1,50000,50000,1281.58,tier_3
POL101029,NV,1.0,2,1,15000,50000,1214.34,tier_2
POL101030,CA,2.0,2,1,50000,10000,1752.61,tier_3
POL101031,AZ,2.0,3,0,25000,10000,1420.63,tier_3
POL101032,GA,1.0,1,0,25000,10000,1165.74,tier_3
POL101033,AZ,2.0,3,0,50000,10000,1771.41,tier_4
POL101034,AZ,1.0,3,1,25000,50000,1407.74,tier_2
POL101035,TX,3.0,5,1,15000,5000,2276.42,tier_3
POL101036,CA,1.0,3,0,25000,10000,1018.55,tier_2
POL101037,AZ,1.0,3,0,100000,10000,1148.38,tier_2
POL101038,FL,1.0,1,0,100000,5000,926.2,tier_2
POL101039,GA,1.0,2,0,15000,10000,988.48,tier_1
POL101040,CA,1.0,2,0,50000,25000,914.17,tier_1
POL101041,TX,1.0,3,1,25000,5000,1391.63,tier_3
POL101042,TX,1.0,2,2,15000,10000,1548.96,tier_3
POL101043,NV,1.0,3,0,50000,10000,1500.42,tier_3
POL101044,AZ,1.0,1,1,25000,5000,918.88,tier_1
POL101045,GA,1.0,1,1,25000,5000,1239.55,tier_2
POL101046,TX,1.0,1,0,50000,10000,818.35,tier_2
POL101047,FL,1.0,2,2,25000,5000,1916.49,tier_4
POL101048,CA,1.0,2,2,50000,10000,1985.14,tier_4
POL101049,TX,1.0,1,0,25000,25000,828.03,tier_2
POL101050,TX,1.0,3,0,15000,25000,1461.34,tier_3
POL101051,FL,,4,0,25000,50000,1345.94,tier_1
POL101052,FL,4.0,5,1,100000,10000,2249.42,tier_2
POL101053,TX,3.0,3,0,25000,25000,1369.0,tier_1
POL101054,FL,2.0,4,1,15000,25000,1756.99,tier_2
POL101055,AZ,2.0,4,2,50000,5000,2330.2,tier_3
POL101056,TX,1.0,1,2,100000,10000,1748.34,tier_4
POL101057,TX,2.0,2,0,100000,10000,1365.03,tier_2
POL101058,NV,2.0,3,2,25000,25000,1994.01,tier_3
POL101059,AZ,3.0,4,2,25000,10000,2476.95,tier_3
POL101060,AZ,3.0,3,3,25000,5000,2932.67,tier_4
POL101061,CA,2.0,4,1,50000,50000,1853.17,tier_3
POL101062,FL,2.0,3,0,50000,5000,1367.42,tier_2
POL101063,GA,3.0,4,2,50000,50000,2412.63,tier_3
POL101064,TX,1.0,1,2,25000,25000,1266.23,tier_2
POL101065,TX,3.0,5,1,15000,25000,2686.93,tier_4
POL101066,GA,1.0,1,0,25000,25000,910.18,tier_2
POL101067,CA,4.0,5,4,15000,5000,3275.83,tier_3
POL101068,NV,2.0,3,1,15000,10000,1414.42,tier_1
POL101069,AZ,1.0,3,0,25000,25000,1152.6,tier_2
POL101070,CA,2.0,2,3,50000,25000,2438.95,tier_4
POL101071,NV,,1,4,50000,10000,2045.89,tier_3
POL101072,FL,2.0,4,0,50000,5000,1425.77,tier_2
POL101073,AZ,3.0,5,0,50000,10000,2592.53,tier_4
POL101074,GA,2.0,3,2,50000,10000,2233.11,tier_4
POL101075,GA,3.0,3,0,50000,10000,1488.55,tier_2
POL101076,CA,1.0,3,0,15000,25000,1283.01,tier_3
POL101077,NV,1.0,2,2,25000,25000,1853.44,tier_3
POL101078,GA,1.0,3,3,15000,25000,1969.79,tier_3
POL101079,FL,1.0,3,1,15000,10000,1416.95,tier_2
